{"meshTopology": 0, "num_points": 1672, "num_cells": 3336, "num_cell_indices": 13344, "scalarArrayNames": ["RadialDistance", "XAxis", "YAxis"], "vectorArrayNames": ["Inward", "Normals"], "bounds": {"m_Center": {"x": -0.28104352951049805, "y": 0.6475389003753662, "z": -0.0}, "m_Extent": {"x": 8.913012981414795, "y": 7.488229990005493, "z": 8.423916816711426}, "center": {"x": -0.28104352951049805, "y": 0.6475389003753662, "z": -0.0}, "extents": {"x": 8.913012981414795, "y": 7.488229990005493, "z": 8.423916816711426}}, "scalarMaxes": [9.342360496520996, 8.631969451904297, 8.13576889038086], "scalarMins": [5.27471399307251, -9.194056510925293, -6.840691089630127]}