{"meshTopology": 5, "num_points": 540, "num_cells": 540, "num_cell_indices": 1080, "scalarArrayNames": ["RTData", "Radius", "XAxis", "YAxis", "ZAxis", "vtkValidPointMask"], "vectorArrayNames": ["Inward", "RTDataGradient", "Up"], "bounds": {"m_Center": {"x": -0.004180908203125, "y": -0.00494384765625, "z": 0.007293701171875}, "m_Extent": {"x": 9.995758056640625, "y": 9.974516868591309, "z": 9.992401123046875}, "center": {"x": -0.004180908203125, "y": -0.00494384765625, "z": 0.007293701171875}, "extents": {"x": 9.995758056640625, "y": 9.974516868591309, "z": 9.992401123046875}}, "dimensions": null, "scalarMaxes": [188.6042938232422, 287.14239501953125, 9.9915771484375, 9.969573020935059, 9.985107421875, 1.0], "scalarMins": [50.355106353759766, 72.50920104980469, -9.99993896484375, -9.979460716247559, -9.99969482421875, 1.0]}