{"meshTopology": 5, "num_points": 556, "num_cells": 556, "num_cell_indices": 1112, "scalarArrayNames": ["RTData", "Radius", "XAxis", "YAxis", "ZAxis", "vtkValidPointMask"], "vectorArrayNames": ["Inward", "RTDataGradient", "Up"], "bounds": {"m_Center": {"x": -0.004211902618408203, "y": -0.0008697509765625, "z": 0.0030517578125}, "m_Extent": {"x": 9.987151622772217, "y": 9.995834350585938, "z": 9.996612548828125}, "center": {"x": -0.004211902618408203, "y": -0.0008697509765625, "z": 0.0030517578125}, "extents": {"x": 9.987151622772217, "y": 9.995834350585938, "z": 9.996612548828125}}, "dimensions": null, "scalarMaxes": [193.9805145263672, 283.48699951171875, 9.982939720153809, 9.994964599609375, 9.993560791015625, 1.0], "scalarMins": [47.19275665283203, 39.46330261230469, -9.991363525390625, -9.9967041015625, -9.999664306640625, 1.0]}