{"meshTopology": 4, "num_points": 14631, "num_cells": 50, "num_cell_indices": 14681, "scalarArrayNames": ["RadialDistance", "XAxis", "YAxis"], "vectorArrayNames": ["Inward"], "bounds": {"m_Center": {"x": -0.007691860198974609, "y": 0.9817938804626465, "z": -0.00906991958618164}, "m_Extent": {"x": 9.87654733657837, "y": 8.92685842514038, "z": 9.937100887298584}, "center": {"x": -0.007691860198974609, "y": 0.9817938804626465, "z": -0.00906991958618164}, "extents": {"x": 9.87654733657837, "y": 8.92685842514038, "z": 9.937100887298584}}, "scalarMaxes": [15.551721572875977, 9.868855476379395, 9.908652305603027], "scalarMins": [0.940878689289093, -9.884239196777344, -7.945064544677734]}