{"meshTopology": 4, "num_points": 47892, "num_cells": 160, "num_cell_indices": 48050, "scalarArrayNames": ["AngularVelocity", "IntegrationTime", "RTData", "Radius", "Rotation", "XAxis", "YAxis", "ZAxis"], "vectorArrayNames": ["Inward", "Normals", "RTDataGradient", "Up", "Vorticity"], "bounds": {"m_Center": {"x": -5.128484591841698, "y": -7.963180541992188e-05, "z": 4.15505439043045}, "m_Extent": {"x": 4.870151653885841, "y": 9.999191761016846, "z": 5.801653563976288}, "center": {"x": -5.128484591841698, "y": -7.963180541992188e-05, "z": 4.15505439043045}, "extents": {"x": 4.870151653885841, "y": 9.999191761016846, "z": 5.801653563976288}}, "dimensions": null, "scalarMaxes": [0.22038210928440094, 853.7744750976562, 275.8234558105469, 222.44692993164062, 1.465112566947937, -0.2583329379558563, 9.999112129211426, 1.6465991735458374], "scalarMins": [-0.14702607691287994, -0.7293264269828796, 70.33422088623047, 1.1879737377166748, -2.190735101699829, -9.998636245727539, -9.999271392822266, -9.956707954406738]}