{"meshTopology": 4, "num_points": 53101, "num_cells": 110, "num_cell_indices": 53211, "scalarArrayNames": ["AngularVelocity", "IntegrationTime", "RTData", "Radius", "Rotation", "XAxis", "YAxis", "ZAxis"], "vectorArrayNames": ["Inward", "Normals", "RTDataGradient", "Up", "Vorticity"], "bounds": {"m_Center": {"x": 3.1965805292129517, "y": 2.6173911094665527, "z": -2.9950404167175293}, "m_Extent": {"x": 6.797397971153259, "y": 7.3617987632751465, "z": 6.761398792266846}, "center": {"x": 3.1965805292129517, "y": 2.6173911094665527, "z": -2.9950404167175293}, "extents": {"x": 6.797397971153259, "y": 7.3617987632751465, "z": 6.761398792266846}}, "dimensions": null, "scalarMaxes": [0.23005452752113342, 925.1080322265625, 275.8128967285156, 239.2713623046875, 0.4214607775211334, 9.993978500366211, 9.9791898727417, 9.756439208984375], "scalarMins": [-0.09755617380142212, 0.0, 65.68086242675781, 0.3215108811855316, -0.2788947522640228, -3.6008174419403076, -4.744407653808594, -3.7663583755493164]}