{"meshTopology": 4, "num_points": 55328, "num_cells": 111, "num_cell_indices": 55438, "scalarArrayNames": ["AngularVelocity", "IntegrationTime", "RTData", "Radius", "Rotation", "XAxis", "YAxis", "ZAxis"], "vectorArrayNames": ["Inward", "Normals", "RTDataGradient", "Up", "Vorticity"], "bounds": {"m_Center": {"x": 2.751596212387085, "y": 2.547062873840332, "z": -2.476170778274536}, "m_Extent": {"x": 7.24650502204895, "y": 7.326192855834961, "z": 7.319040060043335}, "center": {"x": 2.751596212387085, "y": 2.547062873840332, "z": -2.476170778274536}, "extents": {"x": 7.24650502204895, "y": 7.326192855834961, "z": 7.319040060043335}}, "dimensions": null, "scalarMaxes": [0.1968003660440445, 1504.3284912109375, 275.8243408203125, 243.7913818359375, 0.37258389592170715, 9.998101234436035, 9.873255729675293, 9.795210838317871], "scalarMins": [-0.08873569220304489, 0.0, 64.54055786132812, 0.9386216998100281, -0.6020091772079468, -4.494908809661865, -4.779129981994629, -4.842869281768799]}