{"meshTopology": 5, "num_points": 178, "num_cells": 178, "num_cell_indices": 356, "scalarArrayNames": ["RadialDistance", "XAxis", "YAxis"], "vectorArrayNames": ["Inward"], "bounds": {"m_Center": {"x": 0.0012617111206054688, "y": 0.04951906204223633, "z": 0.005160808563232422}, "m_Extent": {"x": 9.965091705322266, "y": 9.8478684425354, "z": 9.88030481338501}, "center": {"x": 0.0012617111206054688, "y": 0.04951906204223633, "z": 0.005160808563232422}, "extents": {"x": 9.965091705322266, "y": 9.8478684425354, "z": 9.88030481338501}}, "scalarMaxes": [14.988432884216309, 9.966353416442871, 9.897387504577637], "scalarMins": [2.068924903869629, -9.96382999420166, -9.798349380493164]}