{"meshTopology": 0, "num_points": 800, "num_cells": 1596, "num_cell_indices": 6384, "scalarArrayNames": ["RTData", "Radius", "XAxis", "YAxis", "ZAxis"], "vectorArrayNames": ["Inward", "Normals", "RTDataGradient", "Up"], "bounds": {"m_Center": {"x": 0.26262450218200684, "y": -0.6581418514251709, "z": -0.0}, "m_Extent": {"x": 6.161708116531372, "y": 5.144219636917114, "z": 6.265371799468994}, "center": {"x": 0.26262450218200684, "y": -0.6581418514251709, "z": -0.0}, "extents": {"x": 6.161708116531372, "y": 5.144219636917114, "z": 6.265371799468994}}, "dimensions": null, "scalarMaxes": [230.0, 47.608551025390625, 6.424332618713379, 4.486077785491943, 6.265371799468994], "scalarMins": [230.0, 2.908888339996338, -5.899083614349365, -5.802361488342285, -6.265371799468994]}